{
  "name": "<%= name %>",
  "version": "1.0.0",
  "description": "<%= description %>",
  "main": "index.js",
  "scripts": {
    "test": "mocha --recursive -t 10000"
  },
  "engines": {
    "node": ">=10",
    "npm": ">=5.6.0"
  },
  "dependencies": {
    "zapier-platform-core": "<%= coreVersion %>",
    "zapier-platform-legacy-scripting-runner": "<%= runnerVersion %>"
  },
  "devDependencies": {
    "mocha": "^5.2.0",
    "should": "^13.2.0"
  },
  "private": true,
  "zapier": {
    "convertedFromAppID": <%= appId %>,
    "convertedByCLIVersion": "<%= cliVersion %>"
  }
}
